calculation_id,calculation_type,calculation_version,result_id,grid_area_code,energy_supplier_id,charge_code,charge_type,charge_owner_id,quantity_unit,is_tax,currency,time,amount
c89b2454-f864-4378-94da-9ea00fd0cd8d,wholesale_fixing,24,38be917c-f9eb-4748-aa0b-2aca3aa3a1cd,804,5790001687137,100,tariff,8100000000047,kWh,false,DKK,2021-12-31 23:00:00.000000,0.000000
c89b2454-f864-4378-94da-9ea00fd0cd8d,wholesale_fixing,24,33fd324b-ca68-42ee-b10a-a41a86f7a385,533,5790000701278,40000,tariff,5790000432752,kWh,false,DKK,2021-12-31 23:00:00.000000,0.000000
c89b2454-f864-4378-94da-9ea00fd0cd8d,wholesale_fixing,24,d17e7655-749f-4af2-a129-fe08fb9c2a40,533,5790001095390,40000,tariff,5790000432752,kWh,false,DKK,2021-12-31 23:00:00.000000,0.000000
c89b2454-f864-4378-94da-9ea00fd0cd8d,wholesale_fixing,24,93ddb1a0-5bd8-4b55-a750-cf193a552fa0,543,5790000701278,40000,tariff,5790000432752,kWh,false,DKK,2021-12-31 23:00:00.000000,1578422.903040
c89b2454-f864-4378-94da-9ea00fd0cd8d,wholesale_fixing,24,54282a32-3994-4584-aba1-eab3bf8ce8bc,543,5790001095390,40000,tariff,5790000432752,kWh,false,DKK,2021-12-31 23:00:00.000000,532566.990912
c89b2454-f864-4378-94da-9ea00fd0cd8d,wholesale_fixing,24,28037ec4-4796-4fa8-871e-09c134f98b0a,543,5790001687137,40000,tariff,5790000432752,kWh,false,DKK,2021-12-31 23:00:00.000000,46242.504576
c89b2454-f864-4378-94da-9ea00fd0cd8d,wholesale_fixing,24,23992e4f-c8e3-45a4-abeb-2b3fbcbd6e3d,584,5790000701278,40000,tariff,5790000432752,kWh,false,DKK,2021-12-31 23:00:00.000000,0.000000
c89b2454-f864-4378-94da-9ea00fd0cd8d,wholesale_fixing,24,6c43dac0-4d0d-43d8-a35e-0f60492c7f12,584,5790001095390,40000,tariff,5790000432752,kWh,false,DKK,2021-12-31 23:00:00.000000,0.000000
c89b2454-f864-4378-94da-9ea00fd0cd8d,wholesale_fixing,24,f72abbe3-c760-4179-985b-fabc1db912b8,804,5790001687137,40000,tariff,5790000432752,kWh,false,DKK,2021-12-31 23:00:00.000000,148579602.006192
c89b2454-f864-4378-94da-9ea00fd0cd8d,wholesale_fixing,24,85ec1343-5376-4672-ac5e-95182c711814,804,5790001687137,40010,tariff,5790000432752,kWh,false,DKK,2021-12-31 23:00:00.000000,3564874.839168
c89b2454-f864-4378-94da-9ea00fd0cd8d,wholesale_fixing,24,4e7d5a48-cecd-4b0e-aae7-1cdb947cc797,533,5790000701278,41000,tariff,5790000432752,kWh,false,DKK,2021-12-31 23:00:00.000000,0.000000
c89b2454-f864-4378-94da-9ea00fd0cd8d,wholesale_fixing,24,f91b1b25-2746-4b09-82e6-2d09895ffee5,533,5790001095390,41000,tariff,5790000432752,kWh,false,DKK,2021-12-31 23:00:00.000000,0.000000
c89b2454-f864-4378-94da-9ea00fd0cd8d,wholesale_fixing,24,c3ab4999-d052-4b4d-a188-013a4b0e444a,543,5790000701278,41000,tariff,5790000432752,kWh,false,DKK,2021-12-31 23:00:00.000000,642070.333440
c89b2454-f864-4378-94da-9ea00fd0cd8d,wholesale_fixing,24,baf466c1-a8ca-4117-aa82-6403586e00f3,543,5790001095390,41000,tariff,5790000432752,kWh,false,DKK,2021-12-31 23:00:00.000000,216637.420032
c89b2454-f864-4378-94da-9ea00fd0cd8d,wholesale_fixing,24,084435db-9b1b-4b6c-973c-260d4c37be07,543,5790001687137,41000,tariff,5790000432752,kWh,false,DKK,2021-12-31 23:00:00.000000,18810.510336
c89b2454-f864-4378-94da-9ea00fd0cd8d,wholesale_fixing,24,c77327a0-e320-4a4e-a6d2-609f3cfd21ec,584,5790000701278,41000,tariff,5790000432752,kWh,false,DKK,2021-12-31 23:00:00.000000,0.000000
c89b2454-f864-4378-94da-9ea00fd0cd8d,wholesale_fixing,24,82a9fbcd-e7bf-468d-892b-36114015d9cc,584,5790001095390,41000,tariff,5790000432752,kWh,false,DKK,2021-12-31 23:00:00.000000,0.000000
c89b2454-f864-4378-94da-9ea00fd0cd8d,wholesale_fixing,24,02046712-0732-45b7-bd57-367ba023b72f,804,5790001687137,41000,tariff,5790000432752,kWh,false,DKK,2021-12-31 23:00:00.000000,60291121.673088
c89b2454-f864-4378-94da-9ea00fd0cd8d,wholesale_fixing,24,48ba90c4-b6b6-4033-a968-f549b647256b,533,5790000701278,42000,tariff,5790000432752,kWh,false,DKK,2021-12-31 23:00:00.000000,0.000000
c89b2454-f864-4378-94da-9ea00fd0cd8d,wholesale_fixing,24,d0742b12-702e-4877-9def-543360534301,533,5790001095390,42000,tariff,5790000432752,kWh,false,DKK,2021-12-31 23:00:00.000000,0.000000
c89b2454-f864-4378-94da-9ea00fd0cd8d,wholesale_fixing,24,f80ac017-737d-4625-b0b4-13302e114bfb,543,5790000701278,42000,tariff,5790000432752,kWh,false,DKK,2021-12-31 23:00:00.000000,3451128.042240
c89b2454-f864-4378-94da-9ea00fd0cd8d,wholesale_fixing,24,31ecc803-3e3f-453c-99c2-28fec10b9c06,543,5790001095390,42000,tariff,5790000432752,kWh,false,DKK,2021-12-31 23:00:00.000000,1164426.132672
c89b2454-f864-4378-94da-9ea00fd0cd8d,wholesale_fixing,24,6ef0aaae-f8c4-454c-8972-a68a717be4f1,543,5790001687137,42000,tariff,5790000432752,kWh,false,DKK,2021-12-31 23:00:00.000000,101106.493056
c89b2454-f864-4378-94da-9ea00fd0cd8d,wholesale_fixing,24,e6164d94-d527-4b61-a54e-4d4a5c8e8afc,584,5790000701278,42000,tariff,5790000432752,kWh,false,DKK,2021-12-31 23:00:00.000000,0.000000
c89b2454-f864-4378-94da-9ea00fd0cd8d,wholesale_fixing,24,6aa1b6bb-6aaa-4227-bd3c-c09445f7f6a4,584,5790001095390,42000,tariff,5790000432752,kWh,false,DKK,2021-12-31 23:00:00.000000,0.000000
c89b2454-f864-4378-94da-9ea00fd0cd8d,wholesale_fixing,24,f95804eb-e0fe-4505-9495-521e2547ea01,804,5790001687137,42000,tariff,5790000432752,kWh,false,DKK,2021-12-31 23:00:00.000000,324860485.742352
c89b2454-f864-4378-94da-9ea00fd0cd8d,wholesale_fixing,24,6b2a211a-4776-4ea8-9f6b-a998a49b87f0,543,5790000701278,42030,tariff,5790000432752,kWh,false,DKK,2021-12-31 23:00:00.000000,0.000000
c89b2454-f864-4378-94da-9ea00fd0cd8d,wholesale_fixing,24,7179d835-3a2d-47da-95b1-04d7ab710b77,584,5790001095390,42030,tariff,5790000432752,kWh,false,DKK,2021-12-31 23:00:00.000000,0.000000
c89b2454-f864-4378-94da-9ea00fd0cd8d,wholesale_fixing,24,1c5f0b35-5455-4e91-9c96-f12b7c514464,804,5790000701278,4300,tariff,8100000000047,kWh,false,DKK,2021-12-31 23:00:00.000000,3240554.048640
c89b2454-f864-4378-94da-9ea00fd0cd8d,wholesale_fixing,24,b1ddca0c-6093-4d77-8baf-f3526b1e97dc,804,5790001687137,4300,tariff,8100000000047,kWh,false,DKK,2021-12-31 23:00:00.000000,443526783.507360
c89b2454-f864-4378-94da-9ea00fd0cd8d,wholesale_fixing,24,2cd595e7-461a-46db-a36a-15914fa54a18,804,5790001687137,45012,tariff,5790000432752,kWh,false,DKK,2021-12-31 23:00:00.000000,27319.136771
c89b2454-f864-4378-94da-9ea00fd0cd8d,wholesale_fixing,24,913be744-ca77-4c59-9929-18485b9af691,533,5790000701278,45013,tariff,5790000432752,kWh,false,DKK,2021-12-31 23:00:00.000000,0.000000
c89b2454-f864-4378-94da-9ea00fd0cd8d,wholesale_fixing,24,169d9476-5651-4bf0-b233-1202e8228076,533,5790001095390,45013,tariff,5790000432752,kWh,false,DKK,2021-12-31 23:00:00.000000,0.000000
c89b2454-f864-4378-94da-9ea00fd0cd8d,wholesale_fixing,24,a4023723-6b6f-46db-a3de-5126c4e4c528,543,5790000701278,45013,tariff,5790000432752,kWh,false,DKK,2021-12-31 23:00:00.000000,35046.339046
c89b2454-f864-4378-94da-9ea00fd0cd8d,wholesale_fixing,24,aa84b664-2826-4309-89ad-dc315ccdc2c0,543,5790001095390,45013,tariff,5790000432752,kWh,false,DKK,2021-12-31 23:00:00.000000,11824.792520
c89b2454-f864-4378-94da-9ea00fd0cd8d,wholesale_fixing,24,151c94f1-1b44-4c4b-a7e8-4c815f629ca6,543,5790001687137,45013,tariff,5790000432752,kWh,false,DKK,2021-12-31 23:00:00.000000,1026.740367
c89b2454-f864-4378-94da-9ea00fd0cd8d,wholesale_fixing,24,5e1dcdd7-b66a-4f31-b7dd-5d3292f60b9c,584,5790000701278,45013,tariff,5790000432752,kWh,false,DKK,2021-12-31 23:00:00.000000,0.000000
c89b2454-f864-4378-94da-9ea00fd0cd8d,wholesale_fixing,24,ee3e0724-f844-4519-9a0c-13092191d300,584,5790001095390,45013,tariff,5790000432752,kWh,false,DKK,2021-12-31 23:00:00.000000,0.000000
c89b2454-f864-4378-94da-9ea00fd0cd8d,wholesale_fixing,24,1822a71b-00f3-4cb9-afd6-65263063b291,804,5790001687137,45013,tariff,5790000432752,kWh,false,DKK,2021-12-31 23:00:00.000000,71941.379626
c89b2454-f864-4378-94da-9ea00fd0cd8d,wholesale_fixing,24,cbb29b84-a3c1-457c-8178-bb5d6a5e700f,533,5790000701278,EA-001,tariff,5790000432752,kWh,true,DKK,2021-12-31 23:00:00.000000,0.000000
c89b2454-f864-4378-94da-9ea00fd0cd8d,wholesale_fixing,24,8f287de8-40af-499d-b0b6-d9fdb21e5c2b,533,5790001095390,EA-001,tariff,5790000432752,kWh,true,DKK,2021-12-31 23:00:00.000000,0.000000
c89b2454-f864-4378-94da-9ea00fd0cd8d,wholesale_fixing,24,db1acfad-ad29-4816-861f-132d7eceed6a,543,5790000701278,EA-001,tariff,5790000432752,kWh,true,DKK,2021-12-31 23:00:00.000000,24345166.809600
c89b2454-f864-4378-94da-9ea00fd0cd8d,wholesale_fixing,24,bf9b7531-d438-417c-825d-40bcf4a247f0,543,5790001095390,EA-001,tariff,5790000432752,kWh,true,DKK,2021-12-31 23:00:00.000000,8214168.842880
c89b2454-f864-4378-94da-9ea00fd0cd8d,wholesale_fixing,24,833bc3a7-749a-48cc-8d9b-c2727489ba7a,543,5790001687137,EA-001,tariff,5790000432752,kWh,true,DKK,2021-12-31 23:00:00.000000,713231.850240
c89b2454-f864-4378-94da-9ea00fd0cd8d,wholesale_fixing,24,51f2226e-9ad6-4688-8a56-544d314c1fd4,584,5790000701278,EA-001,tariff,5790000432752,kWh,true,DKK,2021-12-31 23:00:00.000000,0.000000
c89b2454-f864-4378-94da-9ea00fd0cd8d,wholesale_fixing,24,301145c6-beca-4520-99fa-e12ee9f82a7d,584,5790001095390,EA-001,tariff,5790000432752,kWh,true,DKK,2021-12-31 23:00:00.000000,0.000000
c89b2454-f864-4378-94da-9ea00fd0cd8d,wholesale_fixing,24,7e04dab5-8c81-4a02-a038-089e27c32010,804,5790001687137,EA-001,tariff,5790000432752,kWh,true,DKK,2021-12-31 23:00:00.000000,2272265765.605290
c89b2454-f864-4378-94da-9ea00fd0cd8d,wholesale_fixing,24,15e47c7d-1f76-4525-b662-357219ad243f,804,5790001687137,EA-002,tariff,5790000432752,kWh,true,DKK,2021-12-31 23:00:00.000000,15989168.100240
c89b2454-f864-4378-94da-9ea00fd0cd8d,wholesale_fixing,24,2884cc1d-beb3-46d0-82d9-5e7666a94c52,804,5790001687137,EA-003,tariff,5790000432752,kWh,true,DKK,2021-12-31 23:00:00.000000,-412.770735
c89b2454-f864-4378-94da-9ea00fd0cd8d,wholesale_fixing,24,3c2b3cd2-4673-451c-9149-ce16458a5b70,543,5790000701278,EA-004,tariff,5790000432752,kWh,true,DKK,2021-12-31 23:00:00.000000,0.000000
c89b2454-f864-4378-94da-9ea00fd0cd8d,wholesale_fixing,24,1d947da5-1da4-443c-b029-39e79b59fc2b,543,5790000701278,NT10001,tariff,5790000610976,kWh,false,DKK,2021-12-31 23:00:00.000000,0.000000
c89b2454-f864-4378-94da-9ea00fd0cd8d,wholesale_fixing,24,e0ee3600-ca1a-47c9-b607-e8a5e7c71b35,543,5790000701278,NT1007,tariff,5790000610976,kWh,false,DKK,2021-12-31 23:00:00.000000,707895.417984
c89b2454-f864-4378-94da-9ea00fd0cd8d,wholesale_fixing,24,b33ddd60-dafe-4547-9a51-189780fa79a9,543,5790001095390,NT1007,tariff,5790000610976,kWh,false,DKK,2021-12-31 23:00:00.000000,505855.438656
c89b2454-f864-4378-94da-9ea00fd0cd8d,wholesale_fixing,24,5c5dff9f-2d1d-4394-afdd-129d243fc78c,543,5790000701278,NT1008,tariff,5790000610976,kWh,false,DKK,2021-12-31 23:00:00.000000,0.000000
c89b2454-f864-4378-94da-9ea00fd0cd8d,wholesale_fixing,24,2b502bea-95e0-4cc0-8728-425699fd704c,543,5790000701278,NT1009,tariff,5790000610976,kWh,false,DKK,2021-12-31 23:00:00.000000,3776180.147110
c89b2454-f864-4378-94da-9ea00fd0cd8d,wholesale_fixing,24,f977150b-65ae-486a-9997-78be70a76d34,543,5790001095390,NT1009,tariff,5790000610976,kWh,false,DKK,2021-12-31 23:00:00.000000,817491.420070
c89b2454-f864-4378-94da-9ea00fd0cd8d,wholesale_fixing,24,7cf101b8-c147-47c9-960b-2192ec69a3d2,543,5790001687137,NT1009,tariff,5790000610976,kWh,false,DKK,2021-12-31 23:00:00.000000,146094.963622
c89b2454-f864-4378-94da-9ea00fd0cd8d,wholesale_fixing,24,630c210b-7cb6-4da9-86f3-6c4bd50097e7,543,5790000701278,NT1010,tariff,5790000610976,kWh,false,DKK,2021-12-31 23:00:00.000000,0.000000
c89b2454-f864-4378-94da-9ea00fd0cd8d,wholesale_fixing,24,29a29f9d-7de5-4842-8423-2de699bf1003,584,5790000701278,NT15001,tariff,5790001089023,kWh,false,DKK,2021-12-31 23:00:00.000000,0.000000
c89b2454-f864-4378-94da-9ea00fd0cd8d,wholesale_fixing,24,f21d4234-7ed3-4c11-9e49-ec85f3e7d779,584,5790001095390,NT15001,tariff,5790001089023,kWh,false,DKK,2021-12-31 23:00:00.000000,0.000000
c89b2454-f864-4378-94da-9ea00fd0cd8d,wholesale_fixing,24,775125fa-a952-4976-bbec-5de2bf485530,584,5790000701278,NT15003,tariff,5790001089023,kWh,false,DKK,2021-12-31 23:00:00.000000,0.000000
c89b2454-f864-4378-94da-9ea00fd0cd8d,wholesale_fixing,24,12b1e85b-36db-4591-915b-627407c002e2,584,5790001095390,NT15003,tariff,5790001089023,kWh,false,DKK,2021-12-31 23:00:00.000000,0.000000
c89b2454-f864-4378-94da-9ea00fd0cd8d,wholesale_fixing,24,9189a441-28b4-4e8d-88bc-625ab97a42e9,584,5790000701278,NT15004,tariff,5790001089023,kWh,false,DKK,2021-12-31 23:00:00.000000,0.000000
c89b2454-f864-4378-94da-9ea00fd0cd8d,wholesale_fixing,24,10716e26-d996-4fcf-99e5-6cceaf41abed,584,5790001095390,NT15004,tariff,5790001089023,kWh,false,DKK,2021-12-31 23:00:00.000000,0.000000
c89b2454-f864-4378-94da-9ea00fd0cd8d,wholesale_fixing,24,a628de95-da02-47cd-ac77-f5a323996631,804,5790001687137,Rabat-T,tariff,8100000000047,kWh,false,DKK,2021-12-31 23:00:00.000000,-71574.190080
c89b2454-f864-4378-94da-9ea00fd0cd8d,wholesale_fixing,24,0572c25d-75cd-47ce-a6fb-53dcdfb33802,533,5790000701278,SEF NT-02,tariff,5790000392551,kWh,false,DKK,2021-12-31 23:00:00.000000,0.000000
c89b2454-f864-4378-94da-9ea00fd0cd8d,wholesale_fixing,24,5d926a53-2b2a-49b0-b399-d649ef571f5a,533,5790001095390,SEF NT-02,tariff,5790000392551,kWh,false,DKK,2021-12-31 23:00:00.000000,0.000000
c89b2454-f864-4378-94da-9ea00fd0cd8d,wholesale_fixing,24,31a2a61f-f911-4fa0-a3d6-acc8daaa01ad,533,5790000701278,SEF2 NT-01,tariff,5790000392551,kWh,false,DKK,2021-12-31 23:00:00.000000,0.000000
c89b2454-f864-4378-94da-9ea00fd0cd8d,wholesale_fixing,24,9b6ded8e-f136-47c8-9217-2f292ed1abb8,533,5790001095390,SEF2 NT-01,tariff,5790000392551,kWh,false,DKK,2021-12-31 23:00:00.000000,0.000000
c89b2454-f864-4378-94da-9ea00fd0cd8d,wholesale_fixing,24,8b7b6fe7-ce4e-47af-befd-4bd71242ce34,533,5790000701278,SEF3 NT-01,tariff,5790000392551,kWh,false,DKK,2021-12-31 23:00:00.000000,0.000000
c89b2454-f864-4378-94da-9ea00fd0cd8d,wholesale_fixing,24,8eef4286-f414-40a7-96bb-ef81a873a274,533,5790001095390,SEF3 NT-01,tariff,5790000392551,kWh,false,DKK,2021-12-31 23:00:00.000000,0.000000
c89b2454-f864-4378-94da-9ea00fd0cd8d,wholesale_fixing,24,0872d851-0dd9-4ff3-8acc-e8dadc6c84a1,804,5790001687137,Tarif_Ny,tariff,8100000000047,kWh,false,DKK,2021-12-31 23:00:00.000000,0.000000
a6288d0d-c12d-485b-8f09-0fd47f9833b3,second_correction_settlement,3,09b96062-14db-4661-bf53-92fba6a1ba66,804,5790001687137,100,subscription,8100000000047,pcs,false,DKK,2021-12-31 23:00:00.000000,10.000011
a6288d0d-c12d-485b-8f09-0fd47f9833b3,second_correction_settlement,3,0fe112cb-63e6-45e9-90dd-cac9029d9e18,804,5790000701278,4310,subscription,8100000000047,pcs,false,DKK,2021-12-31 23:00:00.000000,75.000005
a6288d0d-c12d-485b-8f09-0fd47f9833b3,second_correction_settlement,3,43205887-ed33-4958-9c19-4ef351a61dc0,804,5790001687137,4310,subscription,8100000000047,pcs,false,DKK,2021-12-31 23:00:00.000000,34875.000031
a6288d0d-c12d-485b-8f09-0fd47f9833b3,second_correction_settlement,3,6b555142-8fbb-4fb4-ba95-4a79918c9a49,543,5790000701278,AB10001,subscription,5790000610976,pcs,false,DKK,2021-12-31 23:00:00.000000,108.999999
a6288d0d-c12d-485b-8f09-0fd47f9833b3,second_correction_settlement,3,a0fb0e4d-c591-49c7-9173-9b8de7cbda0e,543,5790000701278,AB1009,subscription,5790000610976,pcs,false,DKK,2021-12-31 23:00:00.000000,3161.000002
a6288d0d-c12d-485b-8f09-0fd47f9833b3,second_correction_settlement,3,67ad38ff-c200-4c50-a24b-214d2b42e96f,543,5790001095390,AB1009,subscription,5790000610976,pcs,false,DKK,2021-12-31 23:00:00.000000,1962.000013
a6288d0d-c12d-485b-8f09-0fd47f9833b3,second_correction_settlement,3,275782a6-fa0f-4b47-8796-eb954c1c1eb1,543,5790000701278,AB1010,subscription,5790000610976,pcs,false,DKK,2021-12-31 23:00:00.000000,154.000002
a6288d0d-c12d-485b-8f09-0fd47f9833b3,second_correction_settlement,3,a74d263b-615c-4bb5-8369-f8c448732345,543,5790000701278,AB1012,subscription,5790000610976,pcs,false,DKK,2021-12-31 23:00:00.000000,111.499994
a6288d0d-c12d-485b-8f09-0fd47f9833b3,second_correction_settlement,3,a3a0e571-317a-49f6-b30e-1b2e32a633b1,543,5790000701278,AB1013,subscription,5790000610976,pcs,false,DKK,2021-12-31 23:00:00.000000,6104.000006
a6288d0d-c12d-485b-8f09-0fd47f9833b3,second_correction_settlement,3,2ce7ff1b-1654-4f7c-b507-9c155e0eaa7c,543,5790001095390,AB1013,subscription,5790000610976,pcs,false,DKK,2021-12-31 23:00:00.000000,980.999991
a6288d0d-c12d-485b-8f09-0fd47f9833b3,second_correction_settlement,3,c304452e-7e34-4a53-b087-1698b0987138,543,5790001687137,AB1013,subscription,5790000610976,pcs,false,DKK,2021-12-31 23:00:00.000000,108.999999
a6288d0d-c12d-485b-8f09-0fd47f9833b3,second_correction_settlement,3,0c670ca4-e70d-4120-9dce-c4be2a70f576,543,5790000701278,AB1025,subscription,5790000610976,pcs,false,DKK,2021-12-31 23:00:00.000000,59.000006
a6288d0d-c12d-485b-8f09-0fd47f9833b3,second_correction_settlement,3,8b34a086-82d9-48ba-90a4-70eedae13cd4,543,5790000701278,AB1027,subscription,5790000610976,pcs,false,DKK,2021-12-31 23:00:00.000000,5.416692
a6288d0d-c12d-485b-8f09-0fd47f9833b3,second_correction_settlement,3,5c025d25-561b-44c6-a871-905877d9cc05,543,5790000701278,AB1032,subscription,5790000610976,pcs,false,DKK,2021-12-31 23:00:00.000000,154.000002
a6288d0d-c12d-485b-8f09-0fd47f9833b3,second_correction_settlement,3,7c37ca45-8b4d-4987-988a-89f592b75a01,584,5790000701278,AB15001,subscription,5790001089023,pcs,false,DKK,2021-12-31 23:00:00.000000,141.999995
a6288d0d-c12d-485b-8f09-0fd47f9833b3,second_correction_settlement,3,f38cdea0-ea4e-4f24-82f5-adee92602fc6,584,5790001095390,AB15001,subscription,5790001089023,pcs,false,DKK,2021-12-31 23:00:00.000000,425.999985
a6288d0d-c12d-485b-8f09-0fd47f9833b3,second_correction_settlement,3,9324e592-3c8b-4adc-a318-32160d85fbf6,804,5790001687137,Abb Flex,subscription,8100000000047,pcs,false,DKK,2021-12-31 23:00:00.000000,25.000012
a6288d0d-c12d-485b-8f09-0fd47f9833b3,second_correction_settlement,3,cff8c5ca-509d-43a6-a3f8-f871784f1dc7,533,5790000701278,SEF2 E-50,subscription,5790000392551,pcs,false,DKK,2021-12-31 23:00:00.000000,575.999995
a6288d0d-c12d-485b-8f09-0fd47f9833b3,second_correction_settlement,3,79fc14ab-06d4-477a-950a-7f017a34ac1c,533,5790001095390,SEF2 E-50,subscription,5790000392551,pcs,false,DKK,2021-12-31 23:00:00.000000,320.000011
a6288d0d-c12d-485b-8f09-0fd47f9833b3,second_correction_settlement,3,12d3dc1c-93c5-4515-bae0-9201e4afe124,533,5790000701278,SEF3 E-50,subscription,5790000392551,pcs,false,DKK,2021-12-31 23:00:00.000000,127.999992
a6288d0d-c12d-485b-8f09-0fd47f9833b3,second_correction_settlement,3,467e6fd3-ddd6-466c-9070-4f757daf274c,533,5790001095390,SEF3 E-50,subscription,5790000392551,pcs,false,DKK,2021-12-31 23:00:00.000000,63.999996
bf5edc4c-c903-4539-a47d-ea0747b1638e,third_correction_settlement,2,4bf3be3b-d3ca-471b-a6b6-60283f443672,804,5790001687137,100,tariff,8100000000047,kWh,false,DKK,2021-12-31 23:00:00.000000,0.000000
bf5edc4c-c903-4539-a47d-ea0747b1638e,third_correction_settlement,2,f4ca55ba-515a-4eea-b73e-66023ee2e4c1,804,5790001687137,40000,tariff,5790000432752,kWh,false,DKK,2021-12-31 23:00:00.000000,148579602.006192
bf5edc4c-c903-4539-a47d-ea0747b1638e,third_correction_settlement,2,c9350814-5113-4fe7-bb8c-7dfbf8f5900f,804,5790001687137,40010,tariff,5790000432752,kWh,false,DKK,2021-12-31 23:00:00.000000,3564874.839168
bf5edc4c-c903-4539-a47d-ea0747b1638e,third_correction_settlement,2,62e2ee86-84b0-431b-955c-5b1ce34ecbbd,804,5790001687137,41000,tariff,5790000432752,kWh,false,DKK,2021-12-31 23:00:00.000000,60291121.673088
bf5edc4c-c903-4539-a47d-ea0747b1638e,third_correction_settlement,2,11cee9c9-5ce6-44dd-87ce-eb43caa6c065,804,5790001687137,42000,tariff,5790000432752,kWh,false,DKK,2021-12-31 23:00:00.000000,324860485.742352
bf5edc4c-c903-4539-a47d-ea0747b1638e,third_correction_settlement,2,77e63a06-692c-4103-a640-c308cd963103,804,5790000701278,4300,tariff,8100000000047,kWh,false,DKK,2021-12-31 23:00:00.000000,3240554.048640
bf5edc4c-c903-4539-a47d-ea0747b1638e,third_correction_settlement,2,3b66d638-6da3-49bb-bf67-9ea071fc5b0b,804,5790001687137,4300,tariff,8100000000047,kWh,false,DKK,2021-12-31 23:00:00.000000,443526783.507360
bf5edc4c-c903-4539-a47d-ea0747b1638e,third_correction_settlement,2,fd18bfee-621a-4e14-b022-8ffefaa83c21,804,5790001687137,45012,tariff,5790000432752,kWh,false,DKK,2021-12-31 23:00:00.000000,27319.136771
bf5edc4c-c903-4539-a47d-ea0747b1638e,third_correction_settlement,2,b778a441-df61-4a88-9700-d6dd1b0918d8,804,5790001687137,45013,tariff,5790000432752,kWh,false,DKK,2021-12-31 23:00:00.000000,71941.379626
bf5edc4c-c903-4539-a47d-ea0747b1638e,third_correction_settlement,2,14ffcef2-1fca-4e91-9d47-33a3e80e59ab,804,5790001687137,EA-001,tariff,5790000432752,kWh,true,DKK,2021-12-31 23:00:00.000000,2272265765.605290
bf5edc4c-c903-4539-a47d-ea0747b1638e,third_correction_settlement,2,f7ac6122-d11b-4d71-94e2-32ab9c7a4e53,804,5790001687137,EA-002,tariff,5790000432752,kWh,true,DKK,2021-12-31 23:00:00.000000,15989168.100240
bf5edc4c-c903-4539-a47d-ea0747b1638e,third_correction_settlement,2,50597e2f-c873-45b2-a5c2-3fb06746d3b7,804,5790001687137,EA-003,tariff,5790000432752,kWh,true,DKK,2021-12-31 23:00:00.000000,-412.770735
bf5edc4c-c903-4539-a47d-ea0747b1638e,third_correction_settlement,2,ef29822c-73fc-4f14-b666-997e13c6b3af,804,5790001687137,Rabat-T,tariff,8100000000047,kWh,false,DKK,2021-12-31 23:00:00.000000,-71574.190080
bf5edc4c-c903-4539-a47d-ea0747b1638e,third_correction_settlement,2,e5fff75b-9b26-466d-8c02-9a4c420aa773,804,5790001687137,Tarif_Ny,tariff,8100000000047,kWh,false,DKK,2021-12-31 23:00:00.000000,0.000000
6ffe3ba8-6387-456d-b3c1-22a6779c6f51,second_correction_settlement,2,8f71c198-0e00-4877-9f64-c04a078723c5,804,5790001687137,100,tariff,8100000000047,kWh,false,DKK,2021-12-31 23:00:00.000000,0.000000
6ffe3ba8-6387-456d-b3c1-22a6779c6f51,second_correction_settlement,2,0346ff0f-da83-4084-9fbb-2ce80e6c0c9b,533,5790000701278,40000,tariff,5790000432752,kWh,false,DKK,2021-12-31 23:00:00.000000,0.000000
6ffe3ba8-6387-456d-b3c1-22a6779c6f51,second_correction_settlement,2,7dbfc9a9-4e2e-4652-9130-6a785378ca25,533,5790001095390,40000,tariff,5790000432752,kWh,false,DKK,2021-12-31 23:00:00.000000,0.000000
6ffe3ba8-6387-456d-b3c1-22a6779c6f51,second_correction_settlement,2,c633011d-0909-4c96-a105-45b4e766f7fa,543,5790000701278,40000,tariff,5790000432752,kWh,false,DKK,2021-12-31 23:00:00.000000,1578422.903040
6ffe3ba8-6387-456d-b3c1-22a6779c6f51,second_correction_settlement,2,794d583f-a303-43ce-b0f7-b2970565483c,543,5790001095390,40000,tariff,5790000432752,kWh,false,DKK,2021-12-31 23:00:00.000000,532566.990912
6ffe3ba8-6387-456d-b3c1-22a6779c6f51,second_correction_settlement,2,2bef8cb0-26fa-4a6f-ab3b-a8394d3cc3ef,543,5790001687137,40000,tariff,5790000432752,kWh,false,DKK,2021-12-31 23:00:00.000000,46242.504576
6ffe3ba8-6387-456d-b3c1-22a6779c6f51,second_correction_settlement,2,f1a1c959-562b-41ee-9c0b-fe73cead70e5,584,5790000701278,40000,tariff,5790000432752,kWh,false,DKK,2021-12-31 23:00:00.000000,0.000000
6ffe3ba8-6387-456d-b3c1-22a6779c6f51,second_correction_settlement,2,d8fac412-d9bd-40b0-bd49-5c497443ca56,584,5790001095390,40000,tariff,5790000432752,kWh,false,DKK,2021-12-31 23:00:00.000000,0.000000
6ffe3ba8-6387-456d-b3c1-22a6779c6f51,second_correction_settlement,2,251e33a3-9436-4551-8c8e-98f735734a6a,804,5790001687137,40000,tariff,5790000432752,kWh,false,DKK,2021-12-31 23:00:00.000000,148579602.006192
6ffe3ba8-6387-456d-b3c1-22a6779c6f51,second_correction_settlement,2,034f3561-610c-4444-9d1d-50679c0b9c03,804,5790001687137,40010,tariff,5790000432752,kWh,false,DKK,2021-12-31 23:00:00.000000,3564874.839168
6ffe3ba8-6387-456d-b3c1-22a6779c6f51,second_correction_settlement,2,60873659-7423-445c-9f5a-39b9c8361264,533,5790000701278,41000,tariff,5790000432752,kWh,false,DKK,2021-12-31 23:00:00.000000,0.000000
6ffe3ba8-6387-456d-b3c1-22a6779c6f51,second_correction_settlement,2,79ba2dad-7430-49bf-a963-8a2ae17dcb54,533,5790001095390,41000,tariff,5790000432752,kWh,false,DKK,2021-12-31 23:00:00.000000,0.000000
6ffe3ba8-6387-456d-b3c1-22a6779c6f51,second_correction_settlement,2,5b2849f0-25e8-4b19-a058-9f1d00dc9378,543,5790000701278,41000,tariff,5790000432752,kWh,false,DKK,2021-12-31 23:00:00.000000,642070.333440
6ffe3ba8-6387-456d-b3c1-22a6779c6f51,second_correction_settlement,2,5463fcf7-537d-4ee1-bf12-4587bb937b47,543,5790001095390,41000,tariff,5790000432752,kWh,false,DKK,2021-12-31 23:00:00.000000,216637.420032
6ffe3ba8-6387-456d-b3c1-22a6779c6f51,second_correction_settlement,2,ab3bfb8d-0274-42ca-bace-97356621ce29,543,5790001687137,41000,tariff,5790000432752,kWh,false,DKK,2021-12-31 23:00:00.000000,18810.510336
6ffe3ba8-6387-456d-b3c1-22a6779c6f51,second_correction_settlement,2,28afd55e-8a32-4577-9662-1758df5ac6fe,584,5790000701278,41000,tariff,5790000432752,kWh,false,DKK,2021-12-31 23:00:00.000000,0.000000
6ffe3ba8-6387-456d-b3c1-22a6779c6f51,second_correction_settlement,2,8706a800-e26a-4be6-9719-275e8073fbb9,584,5790001095390,41000,tariff,5790000432752,kWh,false,DKK,2021-12-31 23:00:00.000000,0.000000
6ffe3ba8-6387-456d-b3c1-22a6779c6f51,second_correction_settlement,2,2701d020-2275-4750-9db6-f570ecbd2ede,804,5790001687137,41000,tariff,5790000432752,kWh,false,DKK,2021-12-31 23:00:00.000000,60291121.673088
6ffe3ba8-6387-456d-b3c1-22a6779c6f51,second_correction_settlement,2,0b6ca218-7f4f-4c21-98e7-b6c29743bbb1,533,5790000701278,42000,tariff,5790000432752,kWh,false,DKK,2021-12-31 23:00:00.000000,0.000000
6ffe3ba8-6387-456d-b3c1-22a6779c6f51,second_correction_settlement,2,1a105db9-5e12-4460-8c49-9dd5b5cac013,533,5790001095390,42000,tariff,5790000432752,kWh,false,DKK,2021-12-31 23:00:00.000000,0.000000
6ffe3ba8-6387-456d-b3c1-22a6779c6f51,second_correction_settlement,2,ffd9eed4-ad57-4842-8b15-1849e417c722,543,5790000701278,42000,tariff,5790000432752,kWh,false,DKK,2021-12-31 23:00:00.000000,3451128.042240
6ffe3ba8-6387-456d-b3c1-22a6779c6f51,second_correction_settlement,2,e48847ae-a254-4155-9f2e-6935fa872164,543,5790001095390,42000,tariff,5790000432752,kWh,false,DKK,2021-12-31 23:00:00.000000,1164426.132672
6ffe3ba8-6387-456d-b3c1-22a6779c6f51,second_correction_settlement,2,e2bc58da-620b-4d34-8b2c-165532ed6e47,543,5790001687137,42000,tariff,5790000432752,kWh,false,DKK,2021-12-31 23:00:00.000000,101106.493056
6ffe3ba8-6387-456d-b3c1-22a6779c6f51,second_correction_settlement,2,81fd55e7-d462-4971-8fba-baf21f18abdd,584,5790000701278,42000,tariff,5790000432752,kWh,false,DKK,2021-12-31 23:00:00.000000,0.000000
6ffe3ba8-6387-456d-b3c1-22a6779c6f51,second_correction_settlement,2,6c96c6f8-9275-4f7b-9e49-69ffde531e4d,584,5790001095390,42000,tariff,5790000432752,kWh,false,DKK,2021-12-31 23:00:00.000000,0.000000
6ffe3ba8-6387-456d-b3c1-22a6779c6f51,second_correction_settlement,2,ae7a2a35-70de-4bac-910e-6218a79be39c,804,5790001687137,42000,tariff,5790000432752,kWh,false,DKK,2021-12-31 23:00:00.000000,324860485.742352
6ffe3ba8-6387-456d-b3c1-22a6779c6f51,second_correction_settlement,2,be29c890-905e-40af-ae39-e682f63c9b3c,543,5790000701278,42030,tariff,5790000432752,kWh,false,DKK,2021-12-31 23:00:00.000000,0.000000
6ffe3ba8-6387-456d-b3c1-22a6779c6f51,second_correction_settlement,2,2e432de6-0576-4eaa-89bc-526ca09c64f3,584,5790001095390,42030,tariff,5790000432752,kWh,false,DKK,2021-12-31 23:00:00.000000,0.000000
6ffe3ba8-6387-456d-b3c1-22a6779c6f51,second_correction_settlement,2,70a4033d-25a6-401a-aa2e-f7f3e4a25aaa,804,5790000701278,4300,tariff,8100000000047,kWh,false,DKK,2021-12-31 23:00:00.000000,3240554.048640
6ffe3ba8-6387-456d-b3c1-22a6779c6f51,second_correction_settlement,2,a684eb26-e426-40e8-bc6b-ba64a33435f4,804,5790001687137,4300,tariff,8100000000047,kWh,false,DKK,2021-12-31 23:00:00.000000,443526783.507360
6ffe3ba8-6387-456d-b3c1-22a6779c6f51,second_correction_settlement,2,94f1ffe2-708c-46e1-935c-cbef7bbac341,804,5790001687137,45012,tariff,5790000432752,kWh,false,DKK,2021-12-31 23:00:00.000000,27319.136771
6ffe3ba8-6387-456d-b3c1-22a6779c6f51,second_correction_settlement,2,e66315d6-54fc-4492-bd3e-eec52b51016f,533,5790000701278,45013,tariff,5790000432752,kWh,false,DKK,2021-12-31 23:00:00.000000,0.000000
6ffe3ba8-6387-456d-b3c1-22a6779c6f51,second_correction_settlement,2,3c7501e7-1a90-49a5-b38d-2fb1f2f1c058,533,5790001095390,45013,tariff,5790000432752,kWh,false,DKK,2021-12-31 23:00:00.000000,0.000000
6ffe3ba8-6387-456d-b3c1-22a6779c6f51,second_correction_settlement,2,e66afa05-a51e-4082-8a48-60f53653ad68,543,5790000701278,45013,tariff,5790000432752,kWh,false,DKK,2021-12-31 23:00:00.000000,35046.339046
6ffe3ba8-6387-456d-b3c1-22a6779c6f51,second_correction_settlement,2,c7753f94-a648-4bdc-8012-b9abb44a7e1b,543,5790001095390,45013,tariff,5790000432752,kWh,false,DKK,2021-12-31 23:00:00.000000,11824.792520
6ffe3ba8-6387-456d-b3c1-22a6779c6f51,second_correction_settlement,2,49710523-6cb6-49af-b77c-8219ad5964ec,543,5790001687137,45013,tariff,5790000432752,kWh,false,DKK,2021-12-31 23:00:00.000000,1026.740367
6ffe3ba8-6387-456d-b3c1-22a6779c6f51,second_correction_settlement,2,976a9f9f-7637-499c-8f1a-67b22bed8757,584,5790000701278,45013,tariff,5790000432752,kWh,false,DKK,2021-12-31 23:00:00.000000,0.000000
6ffe3ba8-6387-456d-b3c1-22a6779c6f51,second_correction_settlement,2,147052ab-9619-43f0-8b7e-3186e3f00321,584,5790001095390,45013,tariff,5790000432752,kWh,false,DKK,2021-12-31 23:00:00.000000,0.000000
6ffe3ba8-6387-456d-b3c1-22a6779c6f51,second_correction_settlement,2,a59b8242-60bd-41a6-8e10-3ff9bdefae06,804,5790001687137,45013,tariff,5790000432752,kWh,false,DKK,2021-12-31 23:00:00.000000,71941.379626
6ffe3ba8-6387-456d-b3c1-22a6779c6f51,second_correction_settlement,2,d5862735-50cc-42d7-a2f1-9d4d1b319d86,533,5790000701278,EA-001,tariff,5790000432752,kWh,true,DKK,2021-12-31 23:00:00.000000,0.000000
6ffe3ba8-6387-456d-b3c1-22a6779c6f51,second_correction_settlement,2,124a4f15-8203-48f2-8e6f-4223af396440,533,5790001095390,EA-001,tariff,5790000432752,kWh,true,DKK,2021-12-31 23:00:00.000000,0.000000
6ffe3ba8-6387-456d-b3c1-22a6779c6f51,second_correction_settlement,2,7a09ea2e-aee7-46d1-ae10-bf20e3d2b453,543,5790000701278,EA-001,tariff,5790000432752,kWh,true,DKK,2021-12-31 23:00:00.000000,24345166.809600
6ffe3ba8-6387-456d-b3c1-22a6779c6f51,second_correction_settlement,2,48e96f71-9b18-4191-9bc4-6e137b5f2555,543,5790001095390,EA-001,tariff,5790000432752,kWh,true,DKK,2021-12-31 23:00:00.000000,8214168.842880
6ffe3ba8-6387-456d-b3c1-22a6779c6f51,second_correction_settlement,2,fd7114f0-c59f-47ba-98a3-de09c333b767,543,5790001687137,EA-001,tariff,5790000432752,kWh,true,DKK,2021-12-31 23:00:00.000000,713231.850240
6ffe3ba8-6387-456d-b3c1-22a6779c6f51,second_correction_settlement,2,e955ebf7-0833-40ec-9d9d-fd2c086491d5,584,5790000701278,EA-001,tariff,5790000432752,kWh,true,DKK,2021-12-31 23:00:00.000000,0.000000
6ffe3ba8-6387-456d-b3c1-22a6779c6f51,second_correction_settlement,2,4f130970-4bf7-418b-b555-cb237c77be59,584,5790001095390,EA-001,tariff,5790000432752,kWh,true,DKK,2021-12-31 23:00:00.000000,0.000000
6ffe3ba8-6387-456d-b3c1-22a6779c6f51,second_correction_settlement,2,d5b53150-47e7-4db5-8772-c48bce155de3,804,5790001687137,EA-001,tariff,5790000432752,kWh,true,DKK,2021-12-31 23:00:00.000000,2272265765.605290
6ffe3ba8-6387-456d-b3c1-22a6779c6f51,second_correction_settlement,2,ef9ea8c0-6515-42d8-9a8f-9c16402f66c0,804,5790001687137,EA-002,tariff,5790000432752,kWh,true,DKK,2021-12-31 23:00:00.000000,15989168.100240
6ffe3ba8-6387-456d-b3c1-22a6779c6f51,second_correction_settlement,2,1a89af71-8430-42c2-a0c8-9c50af675cd2,804,5790001687137,EA-003,tariff,5790000432752,kWh,true,DKK,2021-12-31 23:00:00.000000,-412.770735
6ffe3ba8-6387-456d-b3c1-22a6779c6f51,second_correction_settlement,2,c74d1bea-2516-4785-98db-628e1cc0993f,543,5790000701278,EA-004,tariff,5790000432752,kWh,true,DKK,2021-12-31 23:00:00.000000,0.000000
6ffe3ba8-6387-456d-b3c1-22a6779c6f51,second_correction_settlement,2,d9bcf072-c215-4d8a-93bd-9ea1d201585b,543,5790000701278,NT10001,tariff,5790000610976,kWh,false,DKK,2021-12-31 23:00:00.000000,0.000000
6ffe3ba8-6387-456d-b3c1-22a6779c6f51,second_correction_settlement,2,9d65612f-b9c8-4a94-83af-b7dbc6e96829,543,5790000701278,NT1007,tariff,5790000610976,kWh,false,DKK,2021-12-31 23:00:00.000000,707895.417984
6ffe3ba8-6387-456d-b3c1-22a6779c6f51,second_correction_settlement,2,ce222a58-72ff-47b8-958b-7e6dd115c927,543,5790001095390,NT1007,tariff,5790000610976,kWh,false,DKK,2021-12-31 23:00:00.000000,505855.438656
6ffe3ba8-6387-456d-b3c1-22a6779c6f51,second_correction_settlement,2,de87d6d0-a9f3-4fdd-bb01-9ccb627efbc7,543,5790000701278,NT1008,tariff,5790000610976,kWh,false,DKK,2021-12-31 23:00:00.000000,0.000000
6ffe3ba8-6387-456d-b3c1-22a6779c6f51,second_correction_settlement,2,26c79a8f-96c8-4b7a-ae1e-c0f969e7cde9,543,5790000701278,NT1009,tariff,5790000610976,kWh,false,DKK,2021-12-31 23:00:00.000000,3776180.147110
6ffe3ba8-6387-456d-b3c1-22a6779c6f51,second_correction_settlement,2,cfd33ee2-90fd-4cc4-b728-99c028ae6785,543,5790001095390,NT1009,tariff,5790000610976,kWh,false,DKK,2021-12-31 23:00:00.000000,817491.420070
6ffe3ba8-6387-456d-b3c1-22a6779c6f51,second_correction_settlement,2,bdb793e8-ea17-4d15-9bd2-9ca5e3369672,543,5790001687137,NT1009,tariff,5790000610976,kWh,false,DKK,2021-12-31 23:00:00.000000,146094.963622
6ffe3ba8-6387-456d-b3c1-22a6779c6f51,second_correction_settlement,2,b51d44ea-53c7-4308-b45c-6118d341bdda,543,5790000701278,NT1010,tariff,5790000610976,kWh,false,DKK,2021-12-31 23:00:00.000000,0.000000
6ffe3ba8-6387-456d-b3c1-22a6779c6f51,second_correction_settlement,2,933be488-0ae0-41ab-9474-cc04593d9a06,584,5790000701278,NT15001,tariff,5790001089023,kWh,false,DKK,2021-12-31 23:00:00.000000,0.000000
6ffe3ba8-6387-456d-b3c1-22a6779c6f51,second_correction_settlement,2,850e7daf-5dbb-49a5-8875-2fbdeda7df70,584,5790001095390,NT15001,tariff,5790001089023,kWh,false,DKK,2021-12-31 23:00:00.000000,0.000000
6ffe3ba8-6387-456d-b3c1-22a6779c6f51,second_correction_settlement,2,7cdae263-a9dd-4a19-825c-b3232bfc7ed2,584,5790000701278,NT15003,tariff,5790001089023,kWh,false,DKK,2021-12-31 23:00:00.000000,0.000000
6ffe3ba8-6387-456d-b3c1-22a6779c6f51,second_correction_settlement,2,2e0f9080-1939-4115-b710-1e350cc213de,584,5790001095390,NT15003,tariff,5790001089023,kWh,false,DKK,2021-12-31 23:00:00.000000,0.000000
6ffe3ba8-6387-456d-b3c1-22a6779c6f51,second_correction_settlement,2,fff8fdbf-a58a-4742-9f25-2c322b618e27,584,5790000701278,NT15004,tariff,5790001089023,kWh,false,DKK,2021-12-31 23:00:00.000000,0.000000
6ffe3ba8-6387-456d-b3c1-22a6779c6f51,second_correction_settlement,2,cf49a57c-04d8-4f33-b6e6-1609d902378a,584,5790001095390,NT15004,tariff,5790001089023,kWh,false,DKK,2021-12-31 23:00:00.000000,0.000000
6ffe3ba8-6387-456d-b3c1-22a6779c6f51,second_correction_settlement,2,80934823-2786-4494-83cb-8e819e0d0c9d,804,5790001687137,Rabat-T,tariff,8100000000047,kWh,false,DKK,2021-12-31 23:00:00.000000,-71574.190080
6ffe3ba8-6387-456d-b3c1-22a6779c6f51,second_correction_settlement,2,c79c37ca-7677-47e7-bec9-8f5379e39383,533,5790000701278,SEF NT-02,tariff,5790000392551,kWh,false,DKK,2021-12-31 23:00:00.000000,0.000000
6ffe3ba8-6387-456d-b3c1-22a6779c6f51,second_correction_settlement,2,e4e7e2cc-b34f-4fc9-be8c-11cc6b64035d,533,5790001095390,SEF NT-02,tariff,5790000392551,kWh,false,DKK,2021-12-31 23:00:00.000000,0.000000
6ffe3ba8-6387-456d-b3c1-22a6779c6f51,second_correction_settlement,2,5a893b70-6737-4728-bc03-ae319710b8cf,533,5790000701278,SEF2 NT-01,tariff,5790000392551,kWh,false,DKK,2021-12-31 23:00:00.000000,0.000000
6ffe3ba8-6387-456d-b3c1-22a6779c6f51,second_correction_settlement,2,7532fb9d-10ba-43a7-9cbb-6ec8bd2706e9,533,5790001095390,SEF2 NT-01,tariff,5790000392551,kWh,false,DKK,2021-12-31 23:00:00.000000,0.000000
6ffe3ba8-6387-456d-b3c1-22a6779c6f51,second_correction_settlement,2,9bafa3ef-729e-4d36-959d-f004bb67f1ad,533,5790000701278,SEF3 NT-01,tariff,5790000392551,kWh,false,DKK,2021-12-31 23:00:00.000000,0.000000
6ffe3ba8-6387-456d-b3c1-22a6779c6f51,second_correction_settlement,2,cf9f7304-aaf8-4ec8-95e5-e3dcee6c1910,533,5790001095390,SEF3 NT-01,tariff,5790000392551,kWh,false,DKK,2021-12-31 23:00:00.000000,0.000000
6ffe3ba8-6387-456d-b3c1-22a6779c6f51,second_correction_settlement,2,99d55a04-ecd1-417b-b900-0cedc6cda7ec,804,5790001687137,Tarif_Ny,tariff,8100000000047,kWh,false,DKK,2021-12-31 23:00:00.000000,0.000000
6ffe3ba8-6387-456d-b3c1-22a6779c6f51,second_correction_settlement,2,3ad46c20-4c9f-4a3b-af97-4d2ae8a0090a,804,5790001687137,100,subscription,8100000000047,pcs,false,DKK,2021-12-31 23:00:00.000000,10.000011
6ffe3ba8-6387-456d-b3c1-22a6779c6f51,second_correction_settlement,2,9aeb9e36-bbcf-4d5b-9ee4-3f8657a1d27c,804,5790000701278,4310,subscription,8100000000047,pcs,false,DKK,2021-12-31 23:00:00.000000,75.000005
6ffe3ba8-6387-456d-b3c1-22a6779c6f51,second_correction_settlement,2,ac311614-6640-4d35-b9f5-3fbd2153e8a3,804,5790001687137,4310,subscription,8100000000047,pcs,false,DKK,2021-12-31 23:00:00.000000,34875.000031
6ffe3ba8-6387-456d-b3c1-22a6779c6f51,second_correction_settlement,2,31fded62-c322-48c8-a562-185824b0eb26,543,5790000701278,AB10001,subscription,5790000610976,pcs,false,DKK,2021-12-31 23:00:00.000000,108.999999
6ffe3ba8-6387-456d-b3c1-22a6779c6f51,second_correction_settlement,2,85dd1828-96b3-4efe-b3e3-c768de711e07,543,5790000701278,AB1009,subscription,5790000610976,pcs,false,DKK,2021-12-31 23:00:00.000000,3161.000002
6ffe3ba8-6387-456d-b3c1-22a6779c6f51,second_correction_settlement,2,d21f0ff4-314b-4557-815f-e98d0f0e5b5d,543,5790001095390,AB1009,subscription,5790000610976,pcs,false,DKK,2021-12-31 23:00:00.000000,1962.000013
6ffe3ba8-6387-456d-b3c1-22a6779c6f51,second_correction_settlement,2,fa7c4c07-dde6-4867-bc5d-39064d5b026e,543,5790000701278,AB1010,subscription,5790000610976,pcs,false,DKK,2021-12-31 23:00:00.000000,154.000002
6ffe3ba8-6387-456d-b3c1-22a6779c6f51,second_correction_settlement,2,6d8bc619-5cb5-426c-98d5-3bafa31ee4e8,543,5790000701278,AB1012,subscription,5790000610976,pcs,false,DKK,2021-12-31 23:00:00.000000,111.499994
6ffe3ba8-6387-456d-b3c1-22a6779c6f51,second_correction_settlement,2,6bf4ae87-3be7-427d-9887-71310a58b5ce,543,5790000701278,AB1013,subscription,5790000610976,pcs,false,DKK,2021-12-31 23:00:00.000000,6104.000006
6ffe3ba8-6387-456d-b3c1-22a6779c6f51,second_correction_settlement,2,a942696d-6e0d-4ccb-8c39-55b21774612e,543,5790001095390,AB1013,subscription,5790000610976,pcs,false,DKK,2021-12-31 23:00:00.000000,980.999991
6ffe3ba8-6387-456d-b3c1-22a6779c6f51,second_correction_settlement,2,b313f224-8c7f-41fc-9f87-896f17765af6,543,5790001687137,AB1013,subscription,5790000610976,pcs,false,DKK,2021-12-31 23:00:00.000000,108.999999
6ffe3ba8-6387-456d-b3c1-22a6779c6f51,second_correction_settlement,2,eef33726-7d6f-4028-9e97-476824dafc76,543,5790000701278,AB1025,subscription,5790000610976,pcs,false,DKK,2021-12-31 23:00:00.000000,59.000006
6ffe3ba8-6387-456d-b3c1-22a6779c6f51,second_correction_settlement,2,5d26eab0-1125-4391-b7bc-eb6ce9a5632f,543,5790000701278,AB1027,subscription,5790000610976,pcs,false,DKK,2021-12-31 23:00:00.000000,5.416692
6ffe3ba8-6387-456d-b3c1-22a6779c6f51,second_correction_settlement,2,f6dedeef-dc33-4135-9f77-13540e421d29,543,5790000701278,AB1032,subscription,5790000610976,pcs,false,DKK,2021-12-31 23:00:00.000000,154.000002
6ffe3ba8-6387-456d-b3c1-22a6779c6f51,second_correction_settlement,2,ff2f0fc7-bc70-41d6-a90c-a403da441642,584,5790000701278,AB15001,subscription,5790001089023,pcs,false,DKK,2021-12-31 23:00:00.000000,141.999995
6ffe3ba8-6387-456d-b3c1-22a6779c6f51,second_correction_settlement,2,9ae8717e-4681-4562-8bc4-e6a140d2506d,584,5790001095390,AB15001,subscription,5790001089023,pcs,false,DKK,2021-12-31 23:00:00.000000,425.999985
6ffe3ba8-6387-456d-b3c1-22a6779c6f51,second_correction_settlement,2,07702255-1ef5-45e5-bf97-1cc182f462e2,804,5790001687137,Abb Flex,subscription,8100000000047,pcs,false,DKK,2021-12-31 23:00:00.000000,25.000012
6ffe3ba8-6387-456d-b3c1-22a6779c6f51,second_correction_settlement,2,c5c543e5-f2a0-4323-94cd-99180ac34a1d,533,5790000701278,SEF2 E-50,subscription,5790000392551,pcs,false,DKK,2021-12-31 23:00:00.000000,575.999995
6ffe3ba8-6387-456d-b3c1-22a6779c6f51,second_correction_settlement,2,fa4e945a-24ae-430b-a194-5f764a92bb3b,533,5790001095390,SEF2 E-50,subscription,5790000392551,pcs,false,DKK,2021-12-31 23:00:00.000000,320.000011
6ffe3ba8-6387-456d-b3c1-22a6779c6f51,second_correction_settlement,2,aac6bb2d-b1ec-4fbe-92c5-8b1ebe108b3b,533,5790000701278,SEF3 E-50,subscription,5790000392551,pcs,false,DKK,2021-12-31 23:00:00.000000,127.999992
6ffe3ba8-6387-456d-b3c1-22a6779c6f51,second_correction_settlement,2,5bf6d68f-a5b8-43b2-a5d3-06bc7be5f760,533,5790001095390,SEF3 E-50,subscription,5790000392551,pcs,false,DKK,2021-12-31 23:00:00.000000,63.999996
a6288d0d-c12d-485b-8f09-0fd47f9833b3,second_correction_settlement,3,67017e7e-bc54-4edb-9ce5-d2fc6de61e1f,804,5790001687137,100,tariff,8100000000047,kWh,false,DKK,2021-12-31 23:00:00.000000,0.000000
a6288d0d-c12d-485b-8f09-0fd47f9833b3,second_correction_settlement,3,7b70332a-ebd6-4b4e-aa17-00246ab1b7fe,533,5790000701278,40000,tariff,5790000432752,kWh,false,DKK,2021-12-31 23:00:00.000000,0.000000
a6288d0d-c12d-485b-8f09-0fd47f9833b3,second_correction_settlement,3,dfffc114-34d0-4869-8fc4-3f51feada5b7,533,5790001095390,40000,tariff,5790000432752,kWh,false,DKK,2021-12-31 23:00:00.000000,0.000000
a6288d0d-c12d-485b-8f09-0fd47f9833b3,second_correction_settlement,3,d8a32dba-8f7e-4c46-aa10-203662364f64,543,5790000701278,40000,tariff,5790000432752,kWh,false,DKK,2021-12-31 23:00:00.000000,1578422.903040
a6288d0d-c12d-485b-8f09-0fd47f9833b3,second_correction_settlement,3,457baddf-5655-4118-94a3-fd74435593f3,543,5790001095390,40000,tariff,5790000432752,kWh,false,DKK,2021-12-31 23:00:00.000000,532566.990912
a6288d0d-c12d-485b-8f09-0fd47f9833b3,second_correction_settlement,3,bac30111-f26d-490e-8d2e-b8070faab679,543,5790001687137,40000,tariff,5790000432752,kWh,false,DKK,2021-12-31 23:00:00.000000,46242.504576
a6288d0d-c12d-485b-8f09-0fd47f9833b3,second_correction_settlement,3,e7668274-0b90-41f2-9a5f-3ec33c826919,584,5790000701278,40000,tariff,5790000432752,kWh,false,DKK,2021-12-31 23:00:00.000000,0.000000
a6288d0d-c12d-485b-8f09-0fd47f9833b3,second_correction_settlement,3,acdc2b98-3238-4619-988f-8cde0cad470b,584,5790001095390,40000,tariff,5790000432752,kWh,false,DKK,2021-12-31 23:00:00.000000,0.000000
a6288d0d-c12d-485b-8f09-0fd47f9833b3,second_correction_settlement,3,27fb12cb-5f92-42f5-a7a0-caf6fe4e8ef0,804,5790001687137,40000,tariff,5790000432752,kWh,false,DKK,2021-12-31 23:00:00.000000,148579602.006192
a6288d0d-c12d-485b-8f09-0fd47f9833b3,second_correction_settlement,3,b410fa46-887f-4d11-b85e-4573c459f36b,804,5790001687137,40010,tariff,5790000432752,kWh,false,DKK,2021-12-31 23:00:00.000000,3564874.839168
a6288d0d-c12d-485b-8f09-0fd47f9833b3,second_correction_settlement,3,42dfe752-d4d4-49cb-90b8-9b52a5d343f7,533,5790000701278,41000,tariff,5790000432752,kWh,false,DKK,2021-12-31 23:00:00.000000,0.000000
a6288d0d-c12d-485b-8f09-0fd47f9833b3,second_correction_settlement,3,5a80729e-8c6d-4a26-983d-cf37d9833d07,533,5790001095390,41000,tariff,5790000432752,kWh,false,DKK,2021-12-31 23:00:00.000000,0.000000
a6288d0d-c12d-485b-8f09-0fd47f9833b3,second_correction_settlement,3,1776d9cd-4d8c-4869-aa72-cbcac4dd0188,543,5790000701278,41000,tariff,5790000432752,kWh,false,DKK,2021-12-31 23:00:00.000000,642070.333440
a6288d0d-c12d-485b-8f09-0fd47f9833b3,second_correction_settlement,3,62e5a0b7-a8b2-4051-8b99-5ebd64d230a6,543,5790001095390,41000,tariff,5790000432752,kWh,false,DKK,2021-12-31 23:00:00.000000,216637.420032
a6288d0d-c12d-485b-8f09-0fd47f9833b3,second_correction_settlement,3,1f3fc29a-7ace-4d1c-acff-deca38d71182,543,5790001687137,41000,tariff,5790000432752,kWh,false,DKK,2021-12-31 23:00:00.000000,18810.510336
a6288d0d-c12d-485b-8f09-0fd47f9833b3,second_correction_settlement,3,a738dcda-46a2-49cd-a133-0323e780f8c8,584,5790000701278,41000,tariff,5790000432752,kWh,false,DKK,2021-12-31 23:00:00.000000,0.000000
a6288d0d-c12d-485b-8f09-0fd47f9833b3,second_correction_settlement,3,ad9867f2-ac3a-4116-b97d-96fdacb9f9eb,584,5790001095390,41000,tariff,5790000432752,kWh,false,DKK,2021-12-31 23:00:00.000000,0.000000
a6288d0d-c12d-485b-8f09-0fd47f9833b3,second_correction_settlement,3,4f1b9139-f3f0-45c6-bc3f-03540c376aaa,804,5790001687137,41000,tariff,5790000432752,kWh,false,DKK,2021-12-31 23:00:00.000000,60291121.673088
a6288d0d-c12d-485b-8f09-0fd47f9833b3,second_correction_settlement,3,7c84b7d3-802a-4f24-ad8c-eba0c0979b5d,533,5790000701278,42000,tariff,5790000432752,kWh,false,DKK,2021-12-31 23:00:00.000000,0.000000
a6288d0d-c12d-485b-8f09-0fd47f9833b3,second_correction_settlement,3,ec308cc8-5018-43c6-8525-2647f2f2dfee,533,5790001095390,42000,tariff,5790000432752,kWh,false,DKK,2021-12-31 23:00:00.000000,0.000000
a6288d0d-c12d-485b-8f09-0fd47f9833b3,second_correction_settlement,3,f7f18c90-a681-4b65-8296-39cf822816eb,543,5790000701278,42000,tariff,5790000432752,kWh,false,DKK,2021-12-31 23:00:00.000000,3451128.042240
a6288d0d-c12d-485b-8f09-0fd47f9833b3,second_correction_settlement,3,664040f2-21ec-4cf1-9a77-22d6967e026c,543,5790001095390,42000,tariff,5790000432752,kWh,false,DKK,2021-12-31 23:00:00.000000,1164426.132672
a6288d0d-c12d-485b-8f09-0fd47f9833b3,second_correction_settlement,3,160747ae-2739-403d-aaee-5843bc7d455d,543,5790001687137,42000,tariff,5790000432752,kWh,false,DKK,2021-12-31 23:00:00.000000,101106.493056
a6288d0d-c12d-485b-8f09-0fd47f9833b3,second_correction_settlement,3,93dc6acb-2e8f-4050-9d4b-2555a359073b,584,5790000701278,42000,tariff,5790000432752,kWh,false,DKK,2021-12-31 23:00:00.000000,0.000000
a6288d0d-c12d-485b-8f09-0fd47f9833b3,second_correction_settlement,3,d357619a-03f9-4dbd-9350-d64f31e5478f,584,5790001095390,42000,tariff,5790000432752,kWh,false,DKK,2021-12-31 23:00:00.000000,0.000000
a6288d0d-c12d-485b-8f09-0fd47f9833b3,second_correction_settlement,3,96d2c539-853b-413d-9565-ae325f9b6685,804,5790001687137,42000,tariff,5790000432752,kWh,false,DKK,2021-12-31 23:00:00.000000,324860485.742352
a6288d0d-c12d-485b-8f09-0fd47f9833b3,second_correction_settlement,3,8e8b1582-eecb-4d7f-95a2-79ff4a391ab6,543,5790000701278,42030,tariff,5790000432752,kWh,false,DKK,2021-12-31 23:00:00.000000,0.000000
a6288d0d-c12d-485b-8f09-0fd47f9833b3,second_correction_settlement,3,eac70aa6-95e0-4f56-8d5a-00a8d2a53693,584,5790001095390,42030,tariff,5790000432752,kWh,false,DKK,2021-12-31 23:00:00.000000,0.000000
a6288d0d-c12d-485b-8f09-0fd47f9833b3,second_correction_settlement,3,6125beac-4c58-407b-9b55-2a99cb5a9367,804,5790000701278,4300,tariff,8100000000047,kWh,false,DKK,2021-12-31 23:00:00.000000,3240554.048640
a6288d0d-c12d-485b-8f09-0fd47f9833b3,second_correction_settlement,3,9a1ab1d3-eff5-44e2-a33a-3eb8b9821ef1,804,5790001687137,4300,tariff,8100000000047,kWh,false,DKK,2021-12-31 23:00:00.000000,443526783.507360
a6288d0d-c12d-485b-8f09-0fd47f9833b3,second_correction_settlement,3,29cf3742-361e-4214-b12f-d6ca57d4e886,804,5790001687137,45012,tariff,5790000432752,kWh,false,DKK,2021-12-31 23:00:00.000000,27319.136771
a6288d0d-c12d-485b-8f09-0fd47f9833b3,second_correction_settlement,3,6facf0b4-aa32-4844-b641-af46b952452f,533,5790000701278,45013,tariff,5790000432752,kWh,false,DKK,2021-12-31 23:00:00.000000,0.000000
a6288d0d-c12d-485b-8f09-0fd47f9833b3,second_correction_settlement,3,1d4f935f-2f82-434d-b079-fa55fbc317d0,533,5790001095390,45013,tariff,5790000432752,kWh,false,DKK,2021-12-31 23:00:00.000000,0.000000
a6288d0d-c12d-485b-8f09-0fd47f9833b3,second_correction_settlement,3,c2d035b9-7942-4bb0-870e-6b84d4fecd55,543,5790000701278,45013,tariff,5790000432752,kWh,false,DKK,2021-12-31 23:00:00.000000,35046.339046
a6288d0d-c12d-485b-8f09-0fd47f9833b3,second_correction_settlement,3,17c2da13-2e33-4094-a09a-999917c51ada,543,5790001095390,45013,tariff,5790000432752,kWh,false,DKK,2021-12-31 23:00:00.000000,11824.792520
a6288d0d-c12d-485b-8f09-0fd47f9833b3,second_correction_settlement,3,db425a7e-69fc-4acb-a4bc-776452b2d7fe,543,5790001687137,45013,tariff,5790000432752,kWh,false,DKK,2021-12-31 23:00:00.000000,1026.740367
a6288d0d-c12d-485b-8f09-0fd47f9833b3,second_correction_settlement,3,1a9ead9c-c400-4daf-9ce0-c80c63bc5e65,584,5790000701278,45013,tariff,5790000432752,kWh,false,DKK,2021-12-31 23:00:00.000000,0.000000
a6288d0d-c12d-485b-8f09-0fd47f9833b3,second_correction_settlement,3,69164ab4-17e1-4ee4-8ddd-4c9f47619812,584,5790001095390,45013,tariff,5790000432752,kWh,false,DKK,2021-12-31 23:00:00.000000,0.000000
a6288d0d-c12d-485b-8f09-0fd47f9833b3,second_correction_settlement,3,db86d0be-4f9e-43fc-b152-7ad7b26f7e5a,804,5790001687137,45013,tariff,5790000432752,kWh,false,DKK,2021-12-31 23:00:00.000000,71941.379626
a6288d0d-c12d-485b-8f09-0fd47f9833b3,second_correction_settlement,3,d5c198c3-3ef4-4e1a-9e2c-851e65e0b701,533,5790000701278,EA-001,tariff,5790000432752,kWh,true,DKK,2021-12-31 23:00:00.000000,0.000000
a6288d0d-c12d-485b-8f09-0fd47f9833b3,second_correction_settlement,3,e30e19e0-d559-4f8f-91c7-5fbfbee08a73,533,5790001095390,EA-001,tariff,5790000432752,kWh,true,DKK,2021-12-31 23:00:00.000000,0.000000
a6288d0d-c12d-485b-8f09-0fd47f9833b3,second_correction_settlement,3,80cd5057-ca66-4d67-94bf-359bfb1cb946,543,5790000701278,EA-001,tariff,5790000432752,kWh,true,DKK,2021-12-31 23:00:00.000000,24345166.809600
a6288d0d-c12d-485b-8f09-0fd47f9833b3,second_correction_settlement,3,04e7d59f-c4f8-4be4-9fe9-1036fe6505d5,543,5790001095390,EA-001,tariff,5790000432752,kWh,true,DKK,2021-12-31 23:00:00.000000,8214168.842880
a6288d0d-c12d-485b-8f09-0fd47f9833b3,second_correction_settlement,3,5b679846-ddd5-48fe-8e8e-6325471b6e9c,543,5790001687137,EA-001,tariff,5790000432752,kWh,true,DKK,2021-12-31 23:00:00.000000,713231.850240
a6288d0d-c12d-485b-8f09-0fd47f9833b3,second_correction_settlement,3,bcc9986f-7040-46e0-bab4-2a3b809861a8,584,5790000701278,EA-001,tariff,5790000432752,kWh,true,DKK,2021-12-31 23:00:00.000000,0.000000
a6288d0d-c12d-485b-8f09-0fd47f9833b3,second_correction_settlement,3,a3e35c68-fe5a-4921-8ba2-e1104cf6b13f,584,5790001095390,EA-001,tariff,5790000432752,kWh,true,DKK,2021-12-31 23:00:00.000000,0.000000
a6288d0d-c12d-485b-8f09-0fd47f9833b3,second_correction_settlement,3,f31b0cac-92b1-4c2a-a789-9a2b8734b2e6,804,5790001687137,EA-001,tariff,5790000432752,kWh,true,DKK,2021-12-31 23:00:00.000000,2272265765.605290
a6288d0d-c12d-485b-8f09-0fd47f9833b3,second_correction_settlement,3,b0c3ba8f-7f55-4cbc-b579-c638f126d768,804,5790001687137,EA-002,tariff,5790000432752,kWh,true,DKK,2021-12-31 23:00:00.000000,15989168.100240
a6288d0d-c12d-485b-8f09-0fd47f9833b3,second_correction_settlement,3,12322c53-6f86-489b-acaa-ac606d08b4c6,804,5790001687137,EA-003,tariff,5790000432752,kWh,true,DKK,2021-12-31 23:00:00.000000,-412.770735
a6288d0d-c12d-485b-8f09-0fd47f9833b3,second_correction_settlement,3,ea8e7b8a-ca06-4c2c-a17e-4fd309daaa21,543,5790000701278,EA-004,tariff,5790000432752,kWh,true,DKK,2021-12-31 23:00:00.000000,0.000000
a6288d0d-c12d-485b-8f09-0fd47f9833b3,second_correction_settlement,3,7a34b896-7f93-430d-a398-ede8b3db4941,543,5790000701278,NT10001,tariff,5790000610976,kWh,false,DKK,2021-12-31 23:00:00.000000,0.000000
a6288d0d-c12d-485b-8f09-0fd47f9833b3,second_correction_settlement,3,73fcfc12-ebf0-40de-a61e-47c4b8a54ea2,543,5790000701278,NT1007,tariff,5790000610976,kWh,false,DKK,2021-12-31 23:00:00.000000,707895.417984
a6288d0d-c12d-485b-8f09-0fd47f9833b3,second_correction_settlement,3,ef6c1027-680b-4533-b6bc-d3378f17aed3,543,5790001095390,NT1007,tariff,5790000610976,kWh,false,DKK,2021-12-31 23:00:00.000000,505855.438656
a6288d0d-c12d-485b-8f09-0fd47f9833b3,second_correction_settlement,3,dac94871-e9cc-4330-9ffe-017042d78b7b,543,5790000701278,NT1008,tariff,5790000610976,kWh,false,DKK,2021-12-31 23:00:00.000000,0.000000
a6288d0d-c12d-485b-8f09-0fd47f9833b3,second_correction_settlement,3,7cb0f232-0fa1-4f8c-92bf-ea5bca6a03e8,543,5790000701278,NT1009,tariff,5790000610976,kWh,false,DKK,2021-12-31 23:00:00.000000,3776180.147110
a6288d0d-c12d-485b-8f09-0fd47f9833b3,second_correction_settlement,3,07b3b9b0-76ad-42d8-8b7f-c5aa5aac259b,543,5790001095390,NT1009,tariff,5790000610976,kWh,false,DKK,2021-12-31 23:00:00.000000,817491.420070
a6288d0d-c12d-485b-8f09-0fd47f9833b3,second_correction_settlement,3,92f80c92-928a-40a5-84b8-43d12a8a9ec4,543,5790001687137,NT1009,tariff,5790000610976,kWh,false,DKK,2021-12-31 23:00:00.000000,146094.963622
a6288d0d-c12d-485b-8f09-0fd47f9833b3,second_correction_settlement,3,bfffb1a1-a2cb-49da-b109-d4aa9cc12ff1,543,5790000701278,NT1010,tariff,5790000610976,kWh,false,DKK,2021-12-31 23:00:00.000000,0.000000
a6288d0d-c12d-485b-8f09-0fd47f9833b3,second_correction_settlement,3,7ac1a0c2-71e5-4408-a905-4b12c33f59f7,584,5790000701278,NT15001,tariff,5790001089023,kWh,false,DKK,2021-12-31 23:00:00.000000,0.000000
a6288d0d-c12d-485b-8f09-0fd47f9833b3,second_correction_settlement,3,941b6cdc-0b6c-48fd-8bdc-ba9a150aaa4d,584,5790001095390,NT15001,tariff,5790001089023,kWh,false,DKK,2021-12-31 23:00:00.000000,0.000000
a6288d0d-c12d-485b-8f09-0fd47f9833b3,second_correction_settlement,3,deb5a10d-8ed1-4e45-a23a-c31dc6ef0398,584,5790000701278,NT15003,tariff,5790001089023,kWh,false,DKK,2021-12-31 23:00:00.000000,0.000000
a6288d0d-c12d-485b-8f09-0fd47f9833b3,second_correction_settlement,3,cc9010cd-e290-4ff1-9630-6dff093b3eec,584,5790001095390,NT15003,tariff,5790001089023,kWh,false,DKK,2021-12-31 23:00:00.000000,0.000000
a6288d0d-c12d-485b-8f09-0fd47f9833b3,second_correction_settlement,3,15be71a2-1a5d-4690-8997-bcdfe69320da,584,5790000701278,NT15004,tariff,5790001089023,kWh,false,DKK,2021-12-31 23:00:00.000000,0.000000
a6288d0d-c12d-485b-8f09-0fd47f9833b3,second_correction_settlement,3,61c2f5a0-b5a7-4886-9da8-1d53991e0856,584,5790001095390,NT15004,tariff,5790001089023,kWh,false,DKK,2021-12-31 23:00:00.000000,0.000000
a6288d0d-c12d-485b-8f09-0fd47f9833b3,second_correction_settlement,3,8932cbaf-c4a7-49ee-ad50-1d670ed98229,804,5790001687137,Rabat-T,tariff,8100000000047,kWh,false,DKK,2021-12-31 23:00:00.000000,-71574.190080
a6288d0d-c12d-485b-8f09-0fd47f9833b3,second_correction_settlement,3,a8a17504-51c2-4e6b-8c5a-d879b9197a83,533,5790000701278,SEF NT-02,tariff,5790000392551,kWh,false,DKK,2021-12-31 23:00:00.000000,0.000000
a6288d0d-c12d-485b-8f09-0fd47f9833b3,second_correction_settlement,3,cf99d437-ef18-42da-aea4-5bf0074c1dc1,533,5790001095390,SEF NT-02,tariff,5790000392551,kWh,false,DKK,2021-12-31 23:00:00.000000,0.000000
a6288d0d-c12d-485b-8f09-0fd47f9833b3,second_correction_settlement,3,0e5e2f57-b422-4393-9fc5-10acee1578ab,533,5790000701278,SEF2 NT-01,tariff,5790000392551,kWh,false,DKK,2021-12-31 23:00:00.000000,0.000000
a6288d0d-c12d-485b-8f09-0fd47f9833b3,second_correction_settlement,3,7a9aa557-b90f-4910-abb6-82ad38304eae,533,5790001095390,SEF2 NT-01,tariff,5790000392551,kWh,false,DKK,2021-12-31 23:00:00.000000,0.000000
a6288d0d-c12d-485b-8f09-0fd47f9833b3,second_correction_settlement,3,dd3cb0a8-4d34-4a08-bdac-2eb6da11c347,533,5790000701278,SEF3 NT-01,tariff,5790000392551,kWh,false,DKK,2021-12-31 23:00:00.000000,0.000000
a6288d0d-c12d-485b-8f09-0fd47f9833b3,second_correction_settlement,3,014462e3-f828-4b68-8c60-35ce569718f4,533,5790001095390,SEF3 NT-01,tariff,5790000392551,kWh,false,DKK,2021-12-31 23:00:00.000000,0.000000
a6288d0d-c12d-485b-8f09-0fd47f9833b3,second_correction_settlement,3,48470b9f-af4d-4180-ae11-37dacbe3f338,804,5790001687137,Tarif_Ny,tariff,8100000000047,kWh,false,DKK,2021-12-31 23:00:00.000000,0.000000
c89b2454-f864-4378-94da-9ea00fd0cd8d,wholesale_fixing,24,cfca8a07-1eac-451d-b344-34b2ec185a81,804,5790001687137,100,subscription,8100000000047,pcs,false,DKK,2021-12-31 23:00:00.000000,10.000011
c89b2454-f864-4378-94da-9ea00fd0cd8d,wholesale_fixing,24,b16ebca5-e6f8-4e91-9ea0-f2c9667e7baf,804,5790000701278,4310,subscription,8100000000047,pcs,false,DKK,2021-12-31 23:00:00.000000,75.000005
c89b2454-f864-4378-94da-9ea00fd0cd8d,wholesale_fixing,24,fcc5b07b-782b-4ba2-aab3-8b28e6fb4c7c,804,5790001687137,4310,subscription,8100000000047,pcs,false,DKK,2021-12-31 23:00:00.000000,34875.000031
c89b2454-f864-4378-94da-9ea00fd0cd8d,wholesale_fixing,24,2c01fea4-ff8a-4880-9943-841ead53abbf,543,5790000701278,AB10001,subscription,5790000610976,pcs,false,DKK,2021-12-31 23:00:00.000000,108.999999
c89b2454-f864-4378-94da-9ea00fd0cd8d,wholesale_fixing,24,a4714f11-eedf-478e-a35c-505c8308d9f0,543,5790000701278,AB1009,subscription,5790000610976,pcs,false,DKK,2021-12-31 23:00:00.000000,3161.000002
c89b2454-f864-4378-94da-9ea00fd0cd8d,wholesale_fixing,24,1275af33-4214-455e-8cd5-becac3d04733,543,5790001095390,AB1009,subscription,5790000610976,pcs,false,DKK,2021-12-31 23:00:00.000000,1962.000013
c89b2454-f864-4378-94da-9ea00fd0cd8d,wholesale_fixing,24,d118e623-5b14-4292-b66b-5b043ff7f5cc,543,5790000701278,AB1010,subscription,5790000610976,pcs,false,DKK,2021-12-31 23:00:00.000000,154.000002
c89b2454-f864-4378-94da-9ea00fd0cd8d,wholesale_fixing,24,d77b7c49-02c4-4ad1-8b3c-d2ed1acbd8ae,543,5790000701278,AB1012,subscription,5790000610976,pcs,false,DKK,2021-12-31 23:00:00.000000,111.499994
c89b2454-f864-4378-94da-9ea00fd0cd8d,wholesale_fixing,24,b661fb86-cb23-4620-b350-c3f906caf448,543,5790000701278,AB1013,subscription,5790000610976,pcs,false,DKK,2021-12-31 23:00:00.000000,6104.000006
c89b2454-f864-4378-94da-9ea00fd0cd8d,wholesale_fixing,24,dd8e870e-db18-4c85-9ed3-378e4482f94c,543,5790001095390,AB1013,subscription,5790000610976,pcs,false,DKK,2021-12-31 23:00:00.000000,980.999991
c89b2454-f864-4378-94da-9ea00fd0cd8d,wholesale_fixing,24,610f75c1-e2f2-4806-955b-ce9fae56b5f6,543,5790001687137,AB1013,subscription,5790000610976,pcs,false,DKK,2021-12-31 23:00:00.000000,108.999999
c89b2454-f864-4378-94da-9ea00fd0cd8d,wholesale_fixing,24,441b0710-0476-490c-a23c-c85b85f1ea0d,543,5790000701278,AB1025,subscription,5790000610976,pcs,false,DKK,2021-12-31 23:00:00.000000,59.000006
c89b2454-f864-4378-94da-9ea00fd0cd8d,wholesale_fixing,24,021a4f78-05f6-45f3-a12a-910d494a25d5,543,5790000701278,AB1027,subscription,5790000610976,pcs,false,DKK,2021-12-31 23:00:00.000000,5.416692
c89b2454-f864-4378-94da-9ea00fd0cd8d,wholesale_fixing,24,5b5913c1-60c1-40b3-a1b4-594f11b6df3a,543,5790000701278,AB1032,subscription,5790000610976,pcs,false,DKK,2021-12-31 23:00:00.000000,154.000002
c89b2454-f864-4378-94da-9ea00fd0cd8d,wholesale_fixing,24,a1554deb-d921-4c64-b3e8-3566a6960603,584,5790000701278,AB15001,subscription,5790001089023,pcs,false,DKK,2021-12-31 23:00:00.000000,141.999995
c89b2454-f864-4378-94da-9ea00fd0cd8d,wholesale_fixing,24,9a1bda17-ab8e-49de-9b8f-a225e23e2070,584,5790001095390,AB15001,subscription,5790001089023,pcs,false,DKK,2021-12-31 23:00:00.000000,425.999985
c89b2454-f864-4378-94da-9ea00fd0cd8d,wholesale_fixing,24,2c6b0a50-c453-44cb-a3e7-5d2e01c81cd2,804,5790001687137,Abb Flex,subscription,8100000000047,pcs,false,DKK,2021-12-31 23:00:00.000000,25.000012
c89b2454-f864-4378-94da-9ea00fd0cd8d,wholesale_fixing,24,1893fef8-e236-4738-8231-63874461d8bf,533,5790000701278,SEF2 E-50,subscription,5790000392551,pcs,false,DKK,2021-12-31 23:00:00.000000,575.999995
c89b2454-f864-4378-94da-9ea00fd0cd8d,wholesale_fixing,24,f3910aca-e2c1-42e0-aadd-68f32a56dbf9,533,5790001095390,SEF2 E-50,subscription,5790000392551,pcs,false,DKK,2021-12-31 23:00:00.000000,320.000011
c89b2454-f864-4378-94da-9ea00fd0cd8d,wholesale_fixing,24,286f20c2-6bbe-4182-bf7f-9e4fee6e9ea6,533,5790000701278,SEF3 E-50,subscription,5790000392551,pcs,false,DKK,2021-12-31 23:00:00.000000,127.999992
c89b2454-f864-4378-94da-9ea00fd0cd8d,wholesale_fixing,24,2decc90c-3070-4442-91c4-edc81e45d522,533,5790001095390,SEF3 E-50,subscription,5790000392551,pcs,false,DKK,2021-12-31 23:00:00.000000,63.999996
bf5edc4c-c903-4539-a47d-ea0747b1638e,third_correction_settlement,2,338b3a18-df14-4e1e-9f03-10bb950044cb,804,5790001687137,100,subscription,8100000000047,pcs,false,DKK,2021-12-31 23:00:00.000000,10.000011
bf5edc4c-c903-4539-a47d-ea0747b1638e,third_correction_settlement,2,c863a603-c620-4ed8-8d1b-b9b21de4ed3c,804,5790000701278,4310,subscription,8100000000047,pcs,false,DKK,2021-12-31 23:00:00.000000,75.000005
bf5edc4c-c903-4539-a47d-ea0747b1638e,third_correction_settlement,2,89353eb3-2f4f-4f4e-9274-18f3fc31972d,804,5790001687137,4310,subscription,8100000000047,pcs,false,DKK,2021-12-31 23:00:00.000000,34875.000031
bf5edc4c-c903-4539-a47d-ea0747b1638e,third_correction_settlement,2,289f11cd-6eee-4d60-8251-13f21fa34b63,804,5790001687137,Abb Flex,subscription,8100000000047,pcs,false,DKK,2021-12-31 23:00:00.000000,25.000012
d31cfa40-32d3-475d-86f0-4ecd17f5e796,second_correction_settlement,4,e70d149c-faa2-400f-b38f-93afe2475b39,543,5790000701278,40000,tariff,5790000432752,kWh,false,DKK,2021-12-31 23:00:00.000000,0.000000
d31cfa40-32d3-475d-86f0-4ecd17f5e796,second_correction_settlement,4,63cd95b6-72ef-479c-9306-a5c82f07ca2a,543,5790001095390,40000,tariff,5790000432752,kWh,false,DKK,2021-12-31 23:00:00.000000,0.000000
d31cfa40-32d3-475d-86f0-4ecd17f5e796,second_correction_settlement,4,aad98f2f-70cb-4c0a-bb97-b0917264a4e7,543,5790001687137,40000,tariff,5790000432752,kWh,false,DKK,2021-12-31 23:00:00.000000,0.000000
d31cfa40-32d3-475d-86f0-4ecd17f5e796,second_correction_settlement,4,10286e48-7a1b-4900-bf25-94e698be89cc,543,5790000701278,41000,tariff,5790000432752,kWh,false,DKK,2021-12-31 23:00:00.000000,0.000000
d31cfa40-32d3-475d-86f0-4ecd17f5e796,second_correction_settlement,4,763aaf0b-6f01-4aac-8d5b-b1aaab2096c9,543,5790001095390,41000,tariff,5790000432752,kWh,false,DKK,2021-12-31 23:00:00.000000,0.000000
d31cfa40-32d3-475d-86f0-4ecd17f5e796,second_correction_settlement,4,a480dcdc-a37c-4449-a958-924fa553c43e,543,5790001687137,41000,tariff,5790000432752,kWh,false,DKK,2021-12-31 23:00:00.000000,0.000000
d31cfa40-32d3-475d-86f0-4ecd17f5e796,second_correction_settlement,4,925424af-5f30-411f-b3ee-ff8404c55a5a,543,5790000701278,42000,tariff,5790000432752,kWh,false,DKK,2021-12-31 23:00:00.000000,0.000000
d31cfa40-32d3-475d-86f0-4ecd17f5e796,second_correction_settlement,4,5e5ade2d-a4c1-420f-adfa-317093b3d632,543,5790001095390,42000,tariff,5790000432752,kWh,false,DKK,2021-12-31 23:00:00.000000,0.000000
d31cfa40-32d3-475d-86f0-4ecd17f5e796,second_correction_settlement,4,64c5ef7e-ec92-4b50-8602-522c811ff5a8,543,5790001687137,42000,tariff,5790000432752,kWh,false,DKK,2021-12-31 23:00:00.000000,0.000000
d31cfa40-32d3-475d-86f0-4ecd17f5e796,second_correction_settlement,4,058aadc2-3f45-49df-bea6-5d2c3ecd1f20,543,5790000701278,42030,tariff,5790000432752,kWh,false,DKK,2021-12-31 23:00:00.000000,0.000000
d31cfa40-32d3-475d-86f0-4ecd17f5e796,second_correction_settlement,4,ed08a66f-f032-41f7-a567-e8c500e4a984,543,5790000701278,45013,tariff,5790000432752,kWh,false,DKK,2021-12-31 23:00:00.000000,0.000000
d31cfa40-32d3-475d-86f0-4ecd17f5e796,second_correction_settlement,4,9e4c5226-7931-4ae5-8c87-721b323fa3f5,543,5790001095390,45013,tariff,5790000432752,kWh,false,DKK,2021-12-31 23:00:00.000000,0.000000
d31cfa40-32d3-475d-86f0-4ecd17f5e796,second_correction_settlement,4,8997f64b-f1cd-43f7-b70c-9bfb74a010f2,543,5790001687137,45013,tariff,5790000432752,kWh,false,DKK,2021-12-31 23:00:00.000000,0.000000
d31cfa40-32d3-475d-86f0-4ecd17f5e796,second_correction_settlement,4,ecb57f3e-173e-430f-aef3-0d1857e59b1e,543,5790000701278,EA-001,tariff,5790000432752,kWh,true,DKK,2021-12-31 23:00:00.000000,0.000000
d31cfa40-32d3-475d-86f0-4ecd17f5e796,second_correction_settlement,4,91e8e92e-e8ab-45ba-ae00-90157f94110d,543,5790001095390,EA-001,tariff,5790000432752,kWh,true,DKK,2021-12-31 23:00:00.000000,0.000000
d31cfa40-32d3-475d-86f0-4ecd17f5e796,second_correction_settlement,4,7d6a1780-2cf1-45ac-9ea4-70020316ab7e,543,5790001687137,EA-001,tariff,5790000432752,kWh,true,DKK,2021-12-31 23:00:00.000000,0.000000
d31cfa40-32d3-475d-86f0-4ecd17f5e796,second_correction_settlement,4,ded91c0f-826a-485d-bb14-f3a40bea52e5,543,5790000701278,EA-004,tariff,5790000432752,kWh,true,DKK,2021-12-31 23:00:00.000000,0.000000
d31cfa40-32d3-475d-86f0-4ecd17f5e796,second_correction_settlement,4,bc4f0e2d-22fa-41f8-8bd4-56b783eb517a,543,5790000701278,NT10001,tariff,5790000610976,kWh,false,DKK,2021-12-31 23:00:00.000000,0.000000
d31cfa40-32d3-475d-86f0-4ecd17f5e796,second_correction_settlement,4,38073994-c2f4-4bd9-9e52-3d09c700fab2,543,5790000701278,NT1007,tariff,5790000610976,kWh,false,DKK,2021-12-31 23:00:00.000000,0.000000
d31cfa40-32d3-475d-86f0-4ecd17f5e796,second_correction_settlement,4,efc50ccd-8f85-4769-a030-210025f3677e,543,5790001095390,NT1007,tariff,5790000610976,kWh,false,DKK,2021-12-31 23:00:00.000000,0.000000
d31cfa40-32d3-475d-86f0-4ecd17f5e796,second_correction_settlement,4,fbf419d9-7e98-4a81-b45f-eac822d09446,543,5790000701278,NT1008,tariff,5790000610976,kWh,false,DKK,2021-12-31 23:00:00.000000,0.000000
d31cfa40-32d3-475d-86f0-4ecd17f5e796,second_correction_settlement,4,07476a03-da7f-43e0-a0dc-8075cdc27151,543,5790000701278,NT1009,tariff,5790000610976,kWh,false,DKK,2021-12-31 23:00:00.000000,0.000000
d31cfa40-32d3-475d-86f0-4ecd17f5e796,second_correction_settlement,4,ef9f7829-25ee-4208-b891-760d5ec3d45b,543,5790001095390,NT1009,tariff,5790000610976,kWh,false,DKK,2021-12-31 23:00:00.000000,0.000000
d31cfa40-32d3-475d-86f0-4ecd17f5e796,second_correction_settlement,4,de99bc78-c459-4177-a436-27eec6f47033,543,5790001687137,NT1009,tariff,5790000610976,kWh,false,DKK,2021-12-31 23:00:00.000000,0.000000
d31cfa40-32d3-475d-86f0-4ecd17f5e796,second_correction_settlement,4,7d1db500-8184-4edf-b101-6619b8f7c154,543,5790000701278,NT1010,tariff,5790000610976,kWh,false,DKK,2021-12-31 23:00:00.000000,0.000000
d31cfa40-32d3-475d-86f0-4ecd17f5e796,second_correction_settlement,4,939b599b-e015-453f-935e-7a218d2d4ba6,543,5790000701278,AB10001,subscription,5790000610976,pcs,false,DKK,2021-12-31 23:00:00.000000,108.999999
d31cfa40-32d3-475d-86f0-4ecd17f5e796,second_correction_settlement,4,2ed2dcea-4812-43e2-a156-7e33a2dc6ce6,543,5790000701278,AB1009,subscription,5790000610976,pcs,false,DKK,2021-12-31 23:00:00.000000,3160.999971
d31cfa40-32d3-475d-86f0-4ecd17f5e796,second_correction_settlement,4,8896e702-e55e-4736-a378-087aab56cadf,543,5790001095390,AB1009,subscription,5790000610976,pcs,false,DKK,2021-12-31 23:00:00.000000,1961.999982
d31cfa40-32d3-475d-86f0-4ecd17f5e796,second_correction_settlement,4,62f07cc9-c6ce-42cd-ae0e-fc46f6a8c535,543,5790000701278,AB1010,subscription,5790000610976,pcs,false,DKK,2021-12-31 23:00:00.000000,154.000002
d31cfa40-32d3-475d-86f0-4ecd17f5e796,second_correction_settlement,4,af8b835a-30d0-4ed8-b8a0-d71df3651f23,543,5790000701278,AB1012,subscription,5790000610976,pcs,false,DKK,2021-12-31 23:00:00.000000,111.499994
d31cfa40-32d3-475d-86f0-4ecd17f5e796,second_correction_settlement,4,b2b4970e-d0c2-4b2d-9071-5e98c564ce98,543,5790000701278,AB1013,subscription,5790000610976,pcs,false,DKK,2021-12-31 23:00:00.000000,6103.999944
d31cfa40-32d3-475d-86f0-4ecd17f5e796,second_correction_settlement,4,4be7c50c-22f5-4170-98f0-41192735d561,543,5790001095390,AB1013,subscription,5790000610976,pcs,false,DKK,2021-12-31 23:00:00.000000,980.999991
d31cfa40-32d3-475d-86f0-4ecd17f5e796,second_correction_settlement,4,337efb4b-fc4b-40a1-a191-0e0e6092b649,543,5790001687137,AB1013,subscription,5790000610976,pcs,false,DKK,2021-12-31 23:00:00.000000,108.999999
d31cfa40-32d3-475d-86f0-4ecd17f5e796,second_correction_settlement,4,19286b98-b030-4340-b398-ea54d449da7d,543,5790000701278,AB1025,subscription,5790000610976,pcs,false,DKK,2021-12-31 23:00:00.000000,59.000006
d31cfa40-32d3-475d-86f0-4ecd17f5e796,second_correction_settlement,4,d43825c3-42e8-44ac-9441-c9777617714e,543,5790000701278,AB1027,subscription,5790000610976,pcs,false,DKK,2021-12-31 23:00:00.000000,5.416692
d31cfa40-32d3-475d-86f0-4ecd17f5e796,second_correction_settlement,4,6deb6dbe-7c4b-4ca8-88b8-67f3206a386b,543,5790000701278,AB1032,subscription,5790000610976,pcs,false,DKK,2021-12-31 23:00:00.000000,154.000002
